[
   {
      "model":"contenttypes.contenttype",
      "pk":1,
      "fields":{
         "app_label":"admin",
         "model":"logentry"
      }
   },
   {
      "model":"contenttypes.contenttype",
      "pk":2,
      "fields":{
         "app_label":"auth",
         "model":"permission"
      }
   },
   {
      "model":"contenttypes.contenttype",
      "pk":3,
      "fields":{
         "app_label":"auth",
         "model":"group"
      }
   },
   {
      "model":"contenttypes.contenttype",
      "pk":4,
      "fields":{
         "app_label":"auth",
         "model":"user"
      }
   },
   {
      "model":"contenttypes.contenttype",
      "pk":5,
      "fields":{
         "app_label":"contenttypes",
         "model":"contenttype"
      }
   },
   {
      "model":"contenttypes.contenttype",
      "pk":6,
      "fields":{
         "app_label":"sessions",
         "model":"session"
      }
   },
   {
      "model":"contenttypes.contenttype",
      "pk":7,
      "fields":{
         "app_label":"api",
         "model":"answer"
      }
   },
   {
      "model":"contenttypes.contenttype",
      "pk":8,
      "fields":{
         "app_label":"api",
         "model":"appuser"
      }
   },
   {
      "model":"contenttypes.contenttype",
      "pk":9,
      "fields":{
         "app_label":"api",
         "model":"predefinedanswer"
      }
   },
   {
      "model":"contenttypes.contenttype",
      "pk":10,
      "fields":{
         "app_label":"api",
         "model":"question"
      }
   },
   {
      "model":"contenttypes.contenttype",
      "pk":11,
      "fields":{
         "app_label":"api",
         "model":"questiontype"
      }
   },
   {
      "model":"contenttypes.contenttype",
      "pk":12,
      "fields":{
         "app_label":"api",
         "model":"scheduledtest"
      }
   },
   {
      "model":"contenttypes.contenttype",
      "pk":13,
      "fields":{
         "app_label":"api",
         "model":"scheduledtestresult"
      }
   },
   {
      "model":"contenttypes.contenttype",
      "pk":14,
      "fields":{
         "app_label":"api",
         "model":"subject"
      }
   },
   {
      "model":"contenttypes.contenttype",
      "pk":15,
      "fields":{
         "app_label":"api",
         "model":"testsetup"
      }
   },
   {
      "model":"sessions.session",
      "pk":"yep1s6uhydk174vnia11l0ah99m4g3z4",
      "fields":{
         "session_data":"NWI0ZGNjMmU1OTgxYTQ5MjI5MmRhYTc0ZWNhMjA4OGFmNzBkMDFkMjp7Il9hdXRoX3VzZXJfaWQiOiIyIiwiX2F1dGhfdXNlcl9iYWNrZW5kIjoiZGphbmdvLmNvbnRyaWIuYXV0aC5iYWNrZW5kcy5Nb2RlbEJhY2tlbmQiLCJfYXV0aF91c2VyX2hhc2giOiI1MTJhZTM3OWRiYmNkNzNjY2NhMzEzNzU0NTVjMjA2NTRmMDYwNzEwIn0=",
         "expire_date":"2017-12-01T22:06:41.395Z"
      }
   },
   {
      "model":"api.subject",
      "pk":1,
      "fields":{
         "title":"Computer Science"
      }
   },
   {
      "model":"api.subject",
      "pk":2,
      "fields":{
         "title":"Math"
      }
   },
   {
      "model":"api.subject",
      "pk":3,
      "fields":{
         "title":"Databases"
      }
   },
   {
      "model":"api.subject",
      "pk":4,
      "fields":{
         "title":"Data Science"
      }
   },
   {
      "model":"api.subject",
      "pk":5,
      "fields":{
         "title":"Software Engineering"
      }
   },
   {
      "model":"api.subject",
      "pk":6,
      "fields":{
         "title":"Physics"
      }
   },
   {
      "model":"api.subject",
      "pk":7,
      "fields":{
         "title":"Computer Architecture"
      }
   },
   {
      "model":"api.questiontype",
      "pk":1,
      "fields":{
         "title":"Text"
      }
   },
   {
      "model":"api.questiontype",
      "pk":2,
      "fields":{
         "title":"Single Choice"
      }
   },
   {
      "model":"api.questiontype",
      "pk":3,
      "fields":{
         "title":"Multiple Choice"
      }
   },
   {
      "model":"api.testsetup",
      "pk":1,
      "fields":{
         "title":"Basics DB Test",
         "subject":3,
         "creator":1
      }
   },
   {
      "model":"api.testsetup",
      "pk":2,
      "fields":{
         "title":"Fundamentals of Software Engineering",
         "subject":5,
         "creator":1
      }
   },
   {
      "model":"api.question",
      "pk":1,
      "fields":{
         "text":"Please explain the term of the \"CURSOR\" in databases.",
         "test_setup":1,
         "question_type":1
      }
   },
   {
      "model":"api.question",
      "pk":2,
      "fields":{
         "text":"Write a query which will allow you to see the description of all tables you have the access to.",
         "test_setup":1,
         "question_type":1
      }
   },
   {
      "model":"api.question",
      "pk":3,
      "fields":{
         "text":"Choose the right answer.",
         "test_setup":1,
         "question_type":2
      }
   },
   {
      "model":"api.question",
      "pk":4,
      "fields":{
         "text":"Please describe the Amdhal's law.",
         "test_setup":2,
         "question_type":1
      }
   },
   {
      "model":"api.question",
      "pk":5,
      "fields":{
         "text":"Which of these belong to architectural patterns?",
         "test_setup":2,
         "question_type":3
      }
   },
   {
      "model":"api.question",
      "pk":6,
      "fields":{
         "text":"What are advantages and disadvantages of using distributed version control systems?",
         "test_setup":2,
         "question_type":1
      }
   },
   {
      "model":"api.scheduledtest",
      "pk":3,
      "fields":{
         "start":"2018-01-15T12:00:00Z",
         "duration":"2.00",
         "test_setup":1,
         "creator":1
      }
   },
   {
      "model":"api.scheduledtest",
      "pk":4,
      "fields":{
         "start":"2018-01-12T12:00:00Z",
         "duration":"1.50",
         "test_setup":2,
         "creator":1
      }
   },
   {
      "model":"api.predefinedanswer",
      "pk":1,
      "fields":{
         "text":"Triggers are used to querying data from a database.",
         "question":3
      }
   },
   {
      "model":"api.predefinedanswer",
      "pk":2,
      "fields":{
         "text":"Procedures have both input and output parameters.",
         "question":3
      }
   },
   {
      "model":"api.predefinedanswer",
      "pk":3,
      "fields":{
         "text":"Transactions are used to define handler actions when CREATE, UPDATE and DELETE events are occurred.",
         "question":3
      }
   },
   {
      "model":"api.predefinedanswer",
      "pk":4,
      "fields":{
         "text":"Scrum",
         "question":5
      }
   },
   {
      "model":"api.predefinedanswer",
      "pk":5,
      "fields":{
         "text":"MVC (Model View Controller)",
         "question":5
      }
   },
   {
      "model":"api.predefinedanswer",
      "pk":6,
      "fields":{
         "text":"Layers",
         "question":5
      }
   },
   {
      "model":"api.predefinedanswer",
      "pk":7,
      "fields":{
         "text":"Microservices",
         "question":5
      }
   },
   {
      "model":"api.predefinedanswer",
      "pk":8,
      "fields":{
         "text":"REST",
         "question":5
      }
   },
   {
      "model":"auth.permission",
      "pk":1,
      "fields":{
         "name":"Can add log entry",
         "content_type":1,
         "codename":"add_logentry"
      }
   },
   {
      "model":"auth.permission",
      "pk":2,
      "fields":{
         "name":"Can change log entry",
         "content_type":1,
         "codename":"change_logentry"
      }
   },
   {
      "model":"auth.permission",
      "pk":3,
      "fields":{
         "name":"Can delete log entry",
         "content_type":1,
         "codename":"delete_logentry"
      }
   },
   {
      "model":"auth.permission",
      "pk":4,
      "fields":{
         "name":"Can add permission",
         "content_type":2,
         "codename":"add_permission"
      }
   },
   {
      "model":"auth.permission",
      "pk":5,
      "fields":{
         "name":"Can change permission",
         "content_type":2,
         "codename":"change_permission"
      }
   },
   {
      "model":"auth.permission",
      "pk":6,
      "fields":{
         "name":"Can delete permission",
         "content_type":2,
         "codename":"delete_permission"
      }
   },
   {
      "model":"auth.permission",
      "pk":7,
      "fields":{
         "name":"Can add group",
         "content_type":3,
         "codename":"add_group"
      }
   },
   {
      "model":"auth.permission",
      "pk":8,
      "fields":{
         "name":"Can change group",
         "content_type":3,
         "codename":"change_group"
      }
   },
   {
      "model":"auth.permission",
      "pk":9,
      "fields":{
         "name":"Can delete group",
         "content_type":3,
         "codename":"delete_group"
      }
   },
   {
      "model":"auth.permission",
      "pk":10,
      "fields":{
         "name":"Can add user",
         "content_type":4,
         "codename":"add_user"
      }
   },
   {
      "model":"auth.permission",
      "pk":11,
      "fields":{
         "name":"Can change user",
         "content_type":4,
         "codename":"change_user"
      }
   },
   {
      "model":"auth.permission",
      "pk":12,
      "fields":{
         "name":"Can delete user",
         "content_type":4,
         "codename":"delete_user"
      }
   },
   {
      "model":"auth.permission",
      "pk":13,
      "fields":{
         "name":"Can add content type",
         "content_type":5,
         "codename":"add_contenttype"
      }
   },
   {
      "model":"auth.permission",
      "pk":14,
      "fields":{
         "name":"Can change content type",
         "content_type":5,
         "codename":"change_contenttype"
      }
   },
   {
      "model":"auth.permission",
      "pk":15,
      "fields":{
         "name":"Can delete content type",
         "content_type":5,
         "codename":"delete_contenttype"
      }
   },
   {
      "model":"auth.permission",
      "pk":16,
      "fields":{
         "name":"Can add session",
         "content_type":6,
         "codename":"add_session"
      }
   },
   {
      "model":"auth.permission",
      "pk":17,
      "fields":{
         "name":"Can change session",
         "content_type":6,
         "codename":"change_session"
      }
   },
   {
      "model":"auth.permission",
      "pk":18,
      "fields":{
         "name":"Can delete session",
         "content_type":6,
         "codename":"delete_session"
      }
   },
   {
      "model":"auth.permission",
      "pk":19,
      "fields":{
         "name":"Can add answer",
         "content_type":7,
         "codename":"add_answer"
      }
   },
   {
      "model":"auth.permission",
      "pk":20,
      "fields":{
         "name":"Can change answer",
         "content_type":7,
         "codename":"change_answer"
      }
   },
   {
      "model":"auth.permission",
      "pk":21,
      "fields":{
         "name":"Can delete answer",
         "content_type":7,
         "codename":"delete_answer"
      }
   },
   {
      "model":"auth.permission",
      "pk":22,
      "fields":{
         "name":"Can add app user",
         "content_type":8,
         "codename":"add_appuser"
      }
   },
   {
      "model":"auth.permission",
      "pk":23,
      "fields":{
         "name":"Can change app user",
         "content_type":8,
         "codename":"change_appuser"
      }
   },
   {
      "model":"auth.permission",
      "pk":24,
      "fields":{
         "name":"Can delete app user",
         "content_type":8,
         "codename":"delete_appuser"
      }
   },
   {
      "model":"auth.permission",
      "pk":25,
      "fields":{
         "name":"Can add predefined answer",
         "content_type":9,
         "codename":"add_predefinedanswer"
      }
   },
   {
      "model":"auth.permission",
      "pk":26,
      "fields":{
         "name":"Can change predefined answer",
         "content_type":9,
         "codename":"change_predefinedanswer"
      }
   },
   {
      "model":"auth.permission",
      "pk":27,
      "fields":{
         "name":"Can delete predefined answer",
         "content_type":9,
         "codename":"delete_predefinedanswer"
      }
   },
   {
      "model":"auth.permission",
      "pk":28,
      "fields":{
         "name":"Can add question",
         "content_type":10,
         "codename":"add_question"
      }
   },
   {
      "model":"auth.permission",
      "pk":29,
      "fields":{
         "name":"Can change question",
         "content_type":10,
         "codename":"change_question"
      }
   },
   {
      "model":"auth.permission",
      "pk":30,
      "fields":{
         "name":"Can delete question",
         "content_type":10,
         "codename":"delete_question"
      }
   },
   {
      "model":"auth.permission",
      "pk":31,
      "fields":{
         "name":"Can add question type",
         "content_type":11,
         "codename":"add_questiontype"
      }
   },
   {
      "model":"auth.permission",
      "pk":32,
      "fields":{
         "name":"Can change question type",
         "content_type":11,
         "codename":"change_questiontype"
      }
   },
   {
      "model":"auth.permission",
      "pk":33,
      "fields":{
         "name":"Can delete question type",
         "content_type":11,
         "codename":"delete_questiontype"
      }
   },
   {
      "model":"auth.permission",
      "pk":34,
      "fields":{
         "name":"Can add scheduled test",
         "content_type":12,
         "codename":"add_scheduledtest"
      }
   },
   {
      "model":"auth.permission",
      "pk":35,
      "fields":{
         "name":"Can change scheduled test",
         "content_type":12,
         "codename":"change_scheduledtest"
      }
   },
   {
      "model":"auth.permission",
      "pk":36,
      "fields":{
         "name":"Can delete scheduled test",
         "content_type":12,
         "codename":"delete_scheduledtest"
      }
   },
   {
      "model":"auth.permission",
      "pk":37,
      "fields":{
         "name":"Can add scheduled test result",
         "content_type":13,
         "codename":"add_scheduledtestresult"
      }
   },
   {
      "model":"auth.permission",
      "pk":38,
      "fields":{
         "name":"Can change scheduled test result",
         "content_type":13,
         "codename":"change_scheduledtestresult"
      }
   },
   {
      "model":"auth.permission",
      "pk":39,
      "fields":{
         "name":"Can delete scheduled test result",
         "content_type":13,
         "codename":"delete_scheduledtestresult"
      }
   },
   {
      "model":"auth.permission",
      "pk":40,
      "fields":{
         "name":"Can add subject",
         "content_type":14,
         "codename":"add_subject"
      }
   },
   {
      "model":"auth.permission",
      "pk":41,
      "fields":{
         "name":"Can change subject",
         "content_type":14,
         "codename":"change_subject"
      }
   },
   {
      "model":"auth.permission",
      "pk":42,
      "fields":{
         "name":"Can delete subject",
         "content_type":14,
         "codename":"delete_subject"
      }
   },
   {
      "model":"auth.permission",
      "pk":43,
      "fields":{
         "name":"Can add test setup",
         "content_type":15,
         "codename":"add_testsetup"
      }
   },
   {
      "model":"auth.permission",
      "pk":44,
      "fields":{
         "name":"Can change test setup",
         "content_type":15,
         "codename":"change_testsetup"
      }
   },
   {
      "model":"auth.permission",
      "pk":45,
      "fields":{
         "name":"Can delete test setup",
         "content_type":15,
         "codename":"delete_testsetup"
      }
   },
   {
      "model":"auth.group",
      "pk":1,
      "fields":{
         "name":"Administrator",
         "permissions":[
            1,
            2,
            3,
            19,
            20,
            21,
            22,
            23,
            24,
            25,
            26,
            27,
            28,
            29,
            30,
            31,
            32,
            33,
            34,
            35,
            36,
            37,
            38,
            39,
            40,
            41,
            42,
            43,
            44,
            45,
            7,
            8,
            9,
            4,
            5,
            6,
            10,
            11,
            12,
            13,
            14,
            15,
            16,
            17,
            18
         ]
      }
   },
   {
      "model":"auth.group",
      "pk":2,
      "fields":{
         "name":"Moderator",
         "permissions":[
            25,
            26,
            27,
            28,
            29,
            30,
            34,
            35,
            36,
            43,
            44,
            45
         ]
      }
   },
   {
      "model":"auth.group",
      "pk":3,
      "fields":{
         "name":"Reviewer",
         "permissions":[
            20,
            38
         ]
      }
   },
   {
      "model":"auth.group",
      "pk":4,
      "fields":{
         "name":"Student",
         "permissions":[
            19,
            20,
            37,
            38
         ]
      }
   },
   {
      "model":"auth.user",
      "pk":2,
      "fields":{
         "password":"pbkdf2_sha256$36000$a4Jwv48qgDkn$BxgOrk8nafudI807M8RWxkR4e9RXyrPmUK72w6Tgn04=",
         "last_login":"2017-12-10T16:06:43.336Z",
         "is_superuser":false,
         "username":"admin",
         "first_name":"Admin",
         "last_name":"Admin",
         "email":"",
         "is_staff":true,
         "is_active":true,
         "date_joined":"2017-11-04T17:28:10Z",
         "groups":[
            1
         ],
         "user_permissions":[

         ]
      }
   },
   {
      "model":"auth.user",
      "pk":3,
      "fields":{
         "password":"pbkdf2_sha256$36000$MIUzmLskiKnn$XjVcdtf9n36bIp5vGYyv9lJl/SRMNYoQeRv8mf62lmk=",
         "last_login":"2017-12-09T22:40:12.324Z",
         "is_superuser":false,
         "username":"moderator_user",
         "first_name":"Emir",
         "last_name":"Buza",
         "email":"ebuza@etf.unsa.ba",
         "is_staff":true,
         "is_active":true,
         "date_joined":"2017-11-17T22:07:58Z",
         "groups":[
            2
         ],
         "user_permissions":[
            31,
            40
         ]
      }
   },
   {
      "model":"auth.user",
      "pk":4,
      "fields":{
         "password":"pbkdf2_sha256$36000$jEhOpcXsvha2$6jzakqPuBTn2n+iFEQI5opADwFloaKfY5CjjWXsCPIk=",
         "last_login":"2017-12-09T22:40:40.449Z",
         "is_superuser":false,
         "username":"reviewer_user",
         "first_name":"Haris",
         "last_name":"Hasic",
         "email":"hhasic@etf.unsa.ba",
         "is_staff":true,
         "is_active":true,
         "date_joined":"2017-11-17T22:09:02Z",
         "groups":[
            3
         ],
         "user_permissions":[

         ]
      }
   },
   {
      "model":"auth.user",
      "pk":5,
      "fields":{
         "password":"pbkdf2_sha256$36000$oHEQ8RGHCzlW$B/11U6riFpXbNcV4TfLoT8US0jsNwZBfqi/tRY1V/0Q=",
         "last_login":null,
         "is_superuser":false,
         "username":"student_user",
         "first_name":"Edin",
         "last_name":"Ceric",
         "email":"eceric@etf.unsa.ba",
         "is_staff":true,
         "is_active":true,
         "date_joined":"2017-11-17T22:13:14Z",
         "groups":[
            4
         ],
         "user_permissions":[

         ]
      }
   },
   {
      "model":"api.appuser",
      "pk":1,
      "fields":{
         "jmbg":"2204995191255",
         "user_details":2
      }
   },
   {
      "model":"api.appuser",
      "pk":2,
      "fields":{
         "jmbg":"2112994191244",
         "user_details":3
      }
   },
   {
      "model":"api.appuser",
      "pk":3,
      "fields":{
         "jmbg":"2503972196974",
         "user_details":4
      }
   },
   {
      "model":"api.appuser",
      "pk":4,
      "fields":{
         "jmbg":"0910993198451",
         "user_details":5
      }
   },
   {
      "model":"admin.logentry",
      "pk":11,
      "fields":{
         "action_time":"2017-11-17T22:07:28.526Z",
         "user":2,
         "content_type":4,
         "object_id":"1",
         "object_repr":"adkl",
         "action_flag":3,
         "change_message":""
      }
   },
   {
      "model":"admin.logentry",
      "pk":12,
      "fields":{
         "action_time":"2017-11-17T22:07:58.338Z",
         "user":2,
         "content_type":4,
         "object_id":"3",
         "object_repr":"moderator",
         "action_flag":1,
         "change_message":"[{\"added\": {}}]"
      }
   },
   {
      "model":"admin.logentry",
      "pk":13,
      "fields":{
         "action_time":"2017-11-17T22:08:31.373Z",
         "user":2,
         "content_type":4,
         "object_id":"3",
         "object_repr":"moderator",
         "action_flag":2,
         "change_message":"[{\"changed\": {\"fields\": [\"is_staff\", \"groups\"]}}]"
      }
   },
   {
      "model":"admin.logentry",
      "pk":14,
      "fields":{
         "action_time":"2017-11-17T22:08:45.710Z",
         "user":2,
         "content_type":4,
         "object_id":"3",
         "object_repr":"moderator_user",
         "action_flag":2,
         "change_message":"[{\"changed\": {\"fields\": [\"username\"]}}]"
      }
   },
   {
      "model":"admin.logentry",
      "pk":15,
      "fields":{
         "action_time":"2017-11-17T22:09:02.488Z",
         "user":2,
         "content_type":4,
         "object_id":"4",
         "object_repr":"reviewer_user",
         "action_flag":1,
         "change_message":"[{\"added\": {}}]"
      }
   },
   {
      "model":"admin.logentry",
      "pk":16,
      "fields":{
         "action_time":"2017-11-17T22:10:28.700Z",
         "user":2,
         "content_type":4,
         "object_id":"4",
         "object_repr":"reviewer_user",
         "action_flag":2,
         "change_message":"[{\"changed\": {\"fields\": [\"first_name\", \"last_name\", \"email\", \"is_staff\", \"groups\"]}}]"
      }
   },
   {
      "model":"admin.logentry",
      "pk":17,
      "fields":{
         "action_time":"2017-11-17T22:11:50.880Z",
         "user":2,
         "content_type":4,
         "object_id":"3",
         "object_repr":"moderator_user",
         "action_flag":2,
         "change_message":"[{\"changed\": {\"fields\": [\"first_name\", \"last_name\", \"email\", \"user_permissions\"]}}]"
      }
   },
   {
      "model":"admin.logentry",
      "pk":18,
      "fields":{
         "action_time":"2017-11-17T22:12:54.314Z",
         "user":2,
         "content_type":3,
         "object_id":"4",
         "object_repr":"Student",
         "action_flag":1,
         "change_message":"[{\"added\": {}}]"
      }
   },
   {
      "model":"admin.logentry",
      "pk":19,
      "fields":{
         "action_time":"2017-11-17T22:13:14.981Z",
         "user":2,
         "content_type":4,
         "object_id":"5",
         "object_repr":"student_user",
         "action_flag":1,
         "change_message":"[{\"added\": {}}]"
      }
   },
   {
      "model":"admin.logentry",
      "pk":20,
      "fields":{
         "action_time":"2017-11-17T22:13:48.943Z",
         "user":2,
         "content_type":4,
         "object_id":"5",
         "object_repr":"student_user",
         "action_flag":2,
         "change_message":"[{\"changed\": {\"fields\": [\"first_name\", \"last_name\", \"email\", \"is_staff\", \"groups\"]}}]"
      }
   },
   {
      "model":"admin.logentry",
      "pk":21,
      "fields":{
         "action_time":"2017-11-17T22:14:56.036Z",
         "user":2,
         "content_type":14,
         "object_id":"2",
         "object_repr":"Math",
         "action_flag":1,
         "change_message":"[{\"added\": {}}]"
      }
   },
   {
      "model":"admin.logentry",
      "pk":22,
      "fields":{
         "action_time":"2017-11-17T22:15:09.661Z",
         "user":2,
         "content_type":14,
         "object_id":"3",
         "object_repr":"Databases",
         "action_flag":1,
         "change_message":"[{\"added\": {}}]"
      }
   },
   {
      "model":"admin.logentry",
      "pk":23,
      "fields":{
         "action_time":"2017-11-17T22:15:16.054Z",
         "user":2,
         "content_type":14,
         "object_id":"4",
         "object_repr":"Data Science",
         "action_flag":1,
         "change_message":"[{\"added\": {}}]"
      }
   },
   {
      "model":"admin.logentry",
      "pk":24,
      "fields":{
         "action_time":"2017-11-17T22:16:17.317Z",
         "user":2,
         "content_type":8,
         "object_id":"1",
         "object_repr":"admin",
         "action_flag":2,
         "change_message":"[{\"changed\": {\"fields\": [\"jmbg\"]}}]"
      }
   },
   {
      "model":"admin.logentry",
      "pk":25,
      "fields":{
         "action_time":"2017-11-17T22:16:23.526Z",
         "user":2,
         "content_type":8,
         "object_id":"2",
         "object_repr":"moderator_user",
         "action_flag":1,
         "change_message":"[{\"added\": {}}]"
      }
   },
   {
      "model":"admin.logentry",
      "pk":26,
      "fields":{
         "action_time":"2017-11-17T22:16:27.052Z",
         "user":2,
         "content_type":8,
         "object_id":"3",
         "object_repr":"reviewer_user",
         "action_flag":1,
         "change_message":"[{\"added\": {}}]"
      }
   },
   {
      "model":"admin.logentry",
      "pk":27,
      "fields":{
         "action_time":"2017-11-17T22:16:31.075Z",
         "user":2,
         "content_type":8,
         "object_id":"4",
         "object_repr":"student_user",
         "action_flag":1,
         "change_message":"[{\"added\": {}}]"
      }
   },
   {
      "model":"admin.logentry",
      "pk":28,
      "fields":{
         "action_time":"2017-11-17T22:17:16.192Z",
         "user":2,
         "content_type":15,
         "object_id":"1",
         "object_repr":"TestSetup object",
         "action_flag":1,
         "change_message":"[{\"added\": {}}]"
      }
   },
   {
      "model":"admin.logentry",
      "pk":29,
      "fields":{
         "action_time":"2017-11-17T22:24:03.168Z",
         "user":2,
         "content_type":11,
         "object_id":"1",
         "object_repr":"Text",
         "action_flag":1,
         "change_message":"[{\"added\": {}}]"
      }
   },
   {
      "model":"admin.logentry",
      "pk":30,
      "fields":{
         "action_time":"2017-11-17T22:24:16.137Z",
         "user":2,
         "content_type":11,
         "object_id":"2",
         "object_repr":"Single Choice",
         "action_flag":1,
         "change_message":"[{\"added\": {}}]"
      }
   },
   {
      "model":"admin.logentry",
      "pk":31,
      "fields":{
         "action_time":"2017-11-17T22:24:22.752Z",
         "user":2,
         "content_type":11,
         "object_id":"3",
         "object_repr":"Multiple Choice",
         "action_flag":1,
         "change_message":"[{\"added\": {}}]"
      }
   },
   {
      "model":"admin.logentry",
      "pk":32,
      "fields":{
         "action_time":"2017-11-17T22:24:38.360Z",
         "user":2,
         "content_type":10,
         "object_id":"1",
         "object_repr":"Question object",
         "action_flag":1,
         "change_message":"[{\"added\": {}}]"
      }
   },
   {
      "model":"admin.logentry",
      "pk":33,
      "fields":{
         "action_time":"2017-11-17T22:51:58.308Z",
         "user":2,
         "content_type":15,
         "object_id":"1",
         "object_repr":"Basics Test",
         "action_flag":2,
         "change_message":"[{\"added\": {\"name\": \"question\", \"object\": \"Question object\"}}]"
      }
   },
   {
      "model":"admin.logentry",
      "pk":34,
      "fields":{
         "action_time":"2017-11-17T23:14:41.761Z",
         "user":2,
         "content_type":12,
         "object_id":"1",
         "object_repr":"2017-12-24 12:00:00+00:00 | Databases",
         "action_flag":1,
         "change_message":"[{\"added\": {}}]"
      }
   },
   {
      "model":"admin.logentry",
      "pk":35,
      "fields":{
         "action_time":"2017-11-18T12:43:29.521Z",
         "user":2,
         "content_type":15,
         "object_id":"1",
         "object_repr":"Basics DB Test",
         "action_flag":2,
         "change_message":"[{\"changed\": {\"fields\": [\"title\"]}}]"
      }
   },
   {
      "model":"admin.logentry",
      "pk":36,
      "fields":{
         "action_time":"2017-12-09T21:18:51.428Z",
         "user":2,
         "content_type":14,
         "object_id":"5",
         "object_repr":"Software Engineering",
         "action_flag":1,
         "change_message":"[{\"added\": {}}]"
      }
   },
   {
      "model":"admin.logentry",
      "pk":37,
      "fields":{
         "action_time":"2017-12-09T21:19:02.162Z",
         "user":2,
         "content_type":14,
         "object_id":"6",
         "object_repr":"Physics",
         "action_flag":1,
         "change_message":"[{\"added\": {}}]"
      }
   },
   {
      "model":"admin.logentry",
      "pk":38,
      "fields":{
         "action_time":"2017-12-09T21:19:22.220Z",
         "user":2,
         "content_type":14,
         "object_id":"7",
         "object_repr":"Computer architecture",
         "action_flag":1,
         "change_message":"[{\"added\": {}}]"
      }
   },
   {
      "model":"admin.logentry",
      "pk":39,
      "fields":{
         "action_time":"2017-12-09T21:19:30.974Z",
         "user":2,
         "content_type":14,
         "object_id":"7",
         "object_repr":"Computer Architecture",
         "action_flag":2,
         "change_message":"[{\"changed\": {\"fields\": [\"title\"]}}]"
      }
   },
   {
      "model":"admin.logentry",
      "pk":40,
      "fields":{
         "action_time":"2017-12-09T21:39:08.002Z",
         "user":2,
         "content_type":4,
         "object_id":"2",
         "object_repr":"admin",
         "action_flag":2,
         "change_message":"[{\"changed\": {\"fields\": [\"first_name\", \"last_name\"]}}]"
      }
   },
   {
      "model":"admin.logentry",
      "pk":41,
      "fields":{
         "action_time":"2017-12-09T21:56:07.602Z",
         "user":2,
         "content_type":12,
         "object_id":"2",
         "object_repr":"Databases | Duration: 3",
         "action_flag":1,
         "change_message":"[{\"added\": {}}]"
      }
   },
   {
      "model":"admin.logentry",
      "pk":42,
      "fields":{
         "action_time":"2017-12-09T22:17:18.802Z",
         "user":2,
         "content_type":4,
         "object_id":"6",
         "object_repr":"sad",
         "action_flag":1,
         "change_message":"[{\"added\": {}}]"
      }
   },
   {
      "model":"admin.logentry",
      "pk":43,
      "fields":{
         "action_time":"2017-12-09T22:17:36.876Z",
         "user":2,
         "content_type":4,
         "object_id":"6",
         "object_repr":"sad",
         "action_flag":2,
         "change_message":"[{\"changed\": {\"fields\": [\"first_name\", \"last_name\", \"jmbg\"]}}]"
      }
   },
   {
      "model":"admin.logentry",
      "pk":44,
      "fields":{
         "action_time":"2017-12-09T22:18:23.172Z",
         "user":2,
         "content_type":4,
         "object_id":"7",
         "object_repr":"sadsad",
         "action_flag":1,
         "change_message":"[{\"added\": {}}]"
      }
   },
   {
      "model":"admin.logentry",
      "pk":45,
      "fields":{
         "action_time":"2017-12-09T22:18:41.587Z",
         "user":2,
         "content_type":4,
         "object_id":"7",
         "object_repr":"sadsad",
         "action_flag":3,
         "change_message":""
      }
   },
   {
      "model":"admin.logentry",
      "pk":46,
      "fields":{
         "action_time":"2017-12-09T22:18:41.593Z",
         "user":2,
         "content_type":4,
         "object_id":"6",
         "object_repr":"sad",
         "action_flag":3,
         "change_message":""
      }
   },
   {
      "model":"admin.logentry",
      "pk":47,
      "fields":{
         "action_time":"2017-12-09T22:21:23.702Z",
         "user":2,
         "content_type":12,
         "object_id":"2",
         "object_repr":"Databases | Duration: 3.00",
         "action_flag":3,
         "change_message":""
      }
   },
   {
      "model":"admin.logentry",
      "pk":48,
      "fields":{
         "action_time":"2017-12-09T22:21:23.709Z",
         "user":2,
         "content_type":12,
         "object_id":"1",
         "object_repr":"Databases | Duration: 30.00",
         "action_flag":3,
         "change_message":""
      }
   },
   {
      "model":"admin.logentry",
      "pk":49,
      "fields":{
         "action_time":"2017-12-10T00:30:53.430Z",
         "user":2,
         "content_type":15,
         "object_id":"1",
         "object_repr":"Basics DB Test",
         "action_flag":2,
         "change_message":"[{\"added\": {\"name\": \"question\", \"object\": \"Choose the right answer.\"}}, {\"added\": {\"name\": \"predefined answer\", \"object\": \"PredefinedAnswer object\"}}, {\"added\": {\"name\": \"predefined answer\", \"object\": \"PredefinedAnswer object\"}}, {\"added\": {\"name\": \"predefined answer\", \"object\": \"PredefinedAnswer object\"}}]"
      }
   },
   {
      "model":"admin.logentry",
      "pk":50,
      "fields":{
         "action_time":"2017-12-10T00:31:55.156Z",
         "user":2,
         "content_type":12,
         "object_id":"3",
         "object_repr":"Databases | Duration: 2",
         "action_flag":1,
         "change_message":"[{\"added\": {}}]"
      }
   },
   {
      "model":"admin.logentry",
      "pk":51,
      "fields":{
         "action_time":"2017-12-10T17:54:27.192Z",
         "user":2,
         "content_type":15,
         "object_id":"2",
         "object_repr":"Fundamentals of Software Engineering",
         "action_flag":1,
         "change_message":"[{\"added\": {}}, {\"added\": {\"name\": \"question\", \"object\": \"Please describe the Amdhal's law.\"}}, {\"added\": {\"name\": \"question\", \"object\": \"Which of these belong to architectural patterns?\"}}, {\"added\": {\"name\": \"question\", \"object\": \"What are advantages and disadvantages of using distributed version control systems?\"}}, {\"added\": {\"name\": \"predefined answer\", \"object\": \"Scrum\"}}, {\"added\": {\"name\": \"predefined answer\", \"object\": \"MVC (Model View Controller)\"}}, {\"added\": {\"name\": \"predefined answer\", \"object\": \"Layers\"}}, {\"added\": {\"name\": \"predefined answer\", \"object\": \"Microservices\"}}, {\"added\": {\"name\": \"predefined answer\", \"object\": \"REST\"}}]"
      }
   },
   {
      "model":"admin.logentry",
      "pk":52,
      "fields":{
         "action_time":"2017-12-10T17:55:18.795Z",
         "user":2,
         "content_type":12,
         "object_id":"4",
         "object_repr":"Software Engineering | Duration: 1.5",
         "action_flag":1,
         "change_message":"[{\"added\": {}}]"
      }
   }
]